Experiment,Timestamp,temperature [C],delta_t [C/s],notes
1,1752510303791382551,1.0010000467300415,-0.03534400434700902,"vetro, thick 2mm, temp 38C"
1,1752510303891426563,1.0010000467300415,-0.03534400434700902,"vetro, thick 2mm, temp 38C"
1,1752510303991279125,0.996999979019165,-0.04521496646807375,"vetro, thick 2mm, temp 38C"
1,1752510304091360092,0.9929999709129333,-0.053182405516485814,"vetro, thick 2mm, temp 38C"
1,1752510304191419601,0.9890000224113464,-0.05949994145658054,"vetro, thick 2mm, temp 38C"
1,1752510304291094779,0.9829999804496765,-0.06804061486714065,"vetro, thick 2mm, temp 38C"
1,1752510304391370058,0.9800000190734863,-0.07150181997741491,"vetro, thick 2mm, temp 38C"
1,1752510304491363763,0.9760000109672546,-0.07396266127469887,"vetro, thick 2mm, temp 38C"
1,1752510304590975522,0.9729999899864197,-0.0739118717611482,"vetro, thick 2mm, temp 38C"
1,1752510304691381931,0.968999981880188,-0.07443493103222208,"vetro, thick 2mm, temp 38C"
1,1752510304791374444,0.9679999947547913,-0.06979206310786246,"vetro, thick 2mm, temp 38C"
1,1752510304891452312,0.9639999866485596,-0.06843578673643562,"vetro, thick 2mm, temp 38C"
1,1752510304991387128,0.9620000123977661,-0.0652119441595854,"vetro, thick 2mm, temp 38C"
1,1752510305091408491,0.9599999785423279,-0.06136324726235504,"vetro, thick 2mm, temp 38C"
1,1752510305191393613,0.9559999704360962,-0.061154708120317265,"vetro, thick 2mm, temp 38C"
1,1752510305291431188,0.9539999961853027,-0.05914855386131854,"vetro, thick 2mm, temp 38C"
1,1752510305391367197,0.9520000219345093,-0.05644212207831864,"vetro, thick 2mm, temp 38C"
1,1752510305491449356,0.949999988079071,-0.05363624045738879,"vetro, thick 2mm, temp 38C"
1,1752510305591135025,0.9490000009536743,-0.04923407364768228,"vetro, thick 2mm, temp 38C"
1,1752510305691434860,0.9470000267028809,-0.04624589893406292,"vetro, thick 2mm, temp 38C"
1,1752510305790980815,0.9470000267028809,-0.04061956242032375,"vetro, thick 2mm, temp 38C"
1,1752510305891405105,0.9440000057220459,-0.03960693467626538,"vetro, thick 2mm, temp 38C"
1,1752510305991488933,0.9440000057220459,-0.03960693467626538,"vetro, thick 2mm, temp 38C"
1,1752510306091469287,0.9430000185966492,-0.03734609978652702,"vetro, thick 2mm, temp 38C"
1,1752510306191339492,0.9419999718666077,-0.0346772258238425,"vetro, thick 2mm, temp 38C"
1,1752510306291393518,0.9399999976158142,-0.033848480909409534,"vetro, thick 2mm, temp 38C"
1,1752510306391384363,0.9390000104904175,-0.03219600944520463,"vetro, thick 2mm, temp 38C"
1,1752510306491331815,0.9380000233650208,-0.03028863440338992,"vetro, thick 2mm, temp 38C"
1,1752510306591416120,0.9369999766349792,-0.028428127650670338,"vetro, thick 2mm, temp 38C"
1,1752510306691373825,0.9369999766349792,-0.02495794785327741,"vetro, thick 2mm, temp 38C"
1,1752510306791481256,0.9350000023841858,-0.02461129809718821,"vetro, thick 2mm, temp 38C"
1,1752510306891421556,0.9340000152587891,-0.0240263997136716,"vetro, thick 2mm, temp 38C"
1,1752510306991342544,0.9340000152587891,-0.02157742353151784,"vetro, thick 2mm, temp 38C"
1,1752510307091229200,0.9330000281333923,-0.020235433910140002,"vetro, thick 2mm, temp 38C"
1,1752510307191317081,0.9319999814033508,-0.019556754057826913,"vetro, thick 2mm, temp 38C"
1,1752510307291387796,0.9309999942779541,-0.019264069890703044,"vetro, thick 2mm, temp 38C"
1,1752510307391372203,0.9300000071525574,-0.01918686518436326,"vetro, thick 2mm, temp 38C"
1,1752510307491381406,0.9300000071525574,-0.017422217011663983,"vetro, thick 2mm, temp 38C"
1,1752510307591374874,0.9300000071525574,-0.014989539875991503,"vetro, thick 2mm, temp 38C"
1,1752510307691252231,0.9279999732971191,-0.016048530430461488,"vetro, thick 2mm, temp 38C"
1,1752510307791404008,0.9269999861717224,-0.01692304488912429,"vetro, thick 2mm, temp 38C"
1,1752510307891446352,0.9269999861717224,-0.015828482933848004,"vetro, thick 2mm, temp 38C"
1,1752510307991428852,0.9269999861717224,-0.013867584111716229,"vetro, thick 2mm, temp 38C"
1,1752510308091392278,0.9269999861717224,-0.013867584111716229,"vetro, thick 2mm, temp 38C"
1,1752510308191414117,0.925000011920929,-0.015258614770245465,"vetro, thick 2mm, temp 38C"
1,1752510308291463375,0.9259999990463257,-0.012766967637888631,"vetro, thick 2mm, temp 38C"
1,1752510308391395807,0.9240000247955322,-0.013996987107051977,"vetro, thick 2mm, temp 38C"
1,1752510308491370677,0.9240000247955322,-0.013339967807307267,"vetro, thick 2mm, temp 38C"
1,1752510308591383457,0.9229999780654907,-0.013617515361849391,"vetro, thick 2mm, temp 38C"
1,1752510308691309213,0.9229999780654907,-0.012527937281008454,"vetro, thick 2mm, temp 38C"
1,1752510308791397809,0.921999990940094,-0.012666506491819845,"vetro, thick 2mm, temp 38C"
1,1752510308891383886,0.921999990940094,-0.011594419820853612,"vetro, thick 2mm, temp 38C"
1,1752510308991156816,0.9210000038146973,-0.011825576393917441,"vetro, thick 2mm, temp 38C"
1,1752510309091413974,0.9210000038146973,-0.010874541239266016,"vetro, thick 2mm, temp 38C"
1,1752510309191412687,0.9210000038146973,-0.009429825301952915,"vetro, thick 2mm, temp 38C"
1,1752510309291407585,0.9200000166893005,-0.009673207041207915,"vetro, thick 2mm, temp 38C"
1,1752510309391254425,0.9200000166893005,-0.008921875459734113,"vetro, thick 2mm, temp 38C"
1,1752510309491372585,0.9190000295639038,-0.009550731019150143,"vetro, thick 2mm, temp 38C"
1,1752510309591121673,0.9200000166893005,-0.007199327625826384,"vetro, thick 2mm, temp 38C"
1,1752510309691418409,0.9190000295639038,-0.007199177302487408,"vetro, thick 2mm, temp 38C"
1,1752510309791106700,0.9179999828338623,-0.008351261800902026,"vetro, thick 2mm, temp 38C"
1,1752510309891418695,0.9179999828338623,-0.008164169643043855,"vetro, thick 2mm, temp 38C"
1,1752510309991391420,0.9179999828338623,-0.007337719217819521,"vetro, thick 2mm, temp 38C"
1,1752510310091390609,0.9179999828338623,-0.006272363779855876,"vetro, thick 2mm, temp 38C"
1,1752510310191199541,0.9179999828338623,-0.006272363779855876,"vetro, thick 2mm, temp 38C"
1,1752510310291416645,0.9169999957084656,-0.006985803700780839,"vetro, thick 2mm, temp 38C"
1,1752510310391408920,0.9169999957084656,-0.0067066669289637375,"vetro, thick 2mm, temp 38C"
1,1752510310491581201,0.9169999957084656,-0.005966289887166702,"vetro, thick 2mm, temp 38C"
1,1752510310591419696,0.9169999957084656,-0.005066539046841094,"vetro, thick 2mm, temp 38C"
1,1752510310691381454,0.9160000085830688,-0.005969649446579965,"vetro, thick 2mm, temp 38C"
1,1752510310791009902,0.9160000085830688,-0.005874905092259768,"vetro, thick 2mm, temp 38C"
1,1752510310891226530,0.9160000085830688,-0.0052997389003393725,"vetro, thick 2mm, temp 38C"
1,1752510310991251945,0.9150000214576721,-0.006340907790981869,"vetro, thick 2mm, temp 38C"
1,1752510311091376543,0.9139999747276306,-0.008080482960283058,"vetro, thick 2mm, temp 38C"
1,1752510311191365003,0.9139999747276306,-0.008205631326815337,"vetro, thick 2mm, temp 38C"
1,1752510311291399002,0.9150000214576721,-0.005728363092927994,"vetro, thick 2mm, temp 38C"
1,1752510311391162633,0.9139999747276306,-0.005799033094034448,"vetro, thick 2mm, temp 38C"
1,1752510311491412401,0.9139999747276306,-0.005311748416113618,"vetro, thick 2mm, temp 38C"
1,1752510311591367721,0.9129999876022339,-0.0063948983921962715,"vetro, thick 2mm, temp 38C"
1,1752510311691374778,0.9139999747276306,-0.004550124199464858,"vetro, thick 2mm, temp 38C"
1,1752510311791424274,0.9139999747276306,-0.003236673667074654,"vetro, thick 2mm, temp 38C"
1,1752510311891510725,0.9139999747276306,-0.0023017822761666434,"vetro, thick 2mm, temp 38C"
1,1752510311991163969,0.9129999876022339,-0.0034365019154808185,"vetro, thick 2mm, temp 38C"
1,1752510312091449022,0.9120000004768372,-0.005483206192065484,"vetro, thick 2mm, temp 38C"
1,1752510312191394329,0.9129999876022339,-0.004192625904591954,"vetro, thick 2mm, temp 38C"
1,1752510312291440010,0.9129999876022339,-0.004192625904591954,"vetro, thick 2mm, temp 38C"
1,1752510312391389846,0.9129999876022339,-0.0031829052323166817,"vetro, thick 2mm, temp 38C"
1,1752510312491322517,0.9129999876022339,-0.0024016806319932214,"vetro, thick 2mm, temp 38C"
1,1752510312591372251,0.9120000004768372,-0.003602706146669468,"vetro, thick 2mm, temp 38C"
1,1752510312691421031,0.9120000004768372,-0.0038669650956604487,"vetro, thick 2mm, temp 38C"
1,1752510312791374444,0.9110000133514404,-0.005448401947770701,"vetro, thick 2mm, temp 38C"
1,1752510312891298294,0.9110000133514404,-0.005732949830005543,"vetro, thick 2mm, temp 38C"
1,1752510312991388559,0.9110000133514404,-0.005356412807600133,"vetro, thick 2mm, temp 38C"
1,1752510313091370820,0.9110000133514404,-0.004689832513937444,"vetro, thick 2mm, temp 38C"
1,1752510313191423654,0.9110000133514404,-0.003941123243788327,"vetro, thick 2mm, temp 38C"
1,1752510313291388273,0.9100000262260437,-0.005019531435188276,"vetro, thick 2mm, temp 38C"
1,1752510313391485214,0.9110000133514404,-0.0032962167940932003,"vetro, thick 2mm, temp 38C"
1,1752510313491486310,0.9100000262260437,-0.003955109934202385,"vetro, thick 2mm, temp 38C"
1,1752510313591466903,0.9100000262260437,-0.003922007678777641,"vetro, thick 2mm, temp 38C"
1,1752510313691314458,0.9100000262260437,-0.003552806882529393,"vetro, thick 2mm, temp 38C"
1,1752510313791024684,0.9100000262260437,-0.00305214587294005,"vetro, thick 2mm, temp 38C"
1,1752510313891382455,0.9100000262260437,-0.002532128849676642,"vetro, thick 2mm, temp 38C"
1,1752510313991371631,0.9100000262260437,-0.002049428911806618,"vetro, thick 2mm, temp 38C"
1,1752510314091359853,0.9089999794960022,-0.0034285414542624144,"vetro, thick 2mm, temp 38C"
1,1752510314191339492,0.9100000262260437,-0.001995653755107442,"vetro, thick 2mm, temp 38C"
1,1752510314291458606,0.9100000262260437,-0.0011139299445619656,"vetro, thick 2mm, temp 38C"
1,1752510314391488790,0.9100000262260437,-0.0011139299445619656,"vetro, thick 2mm, temp 38C"
1,1752510314491392850,0.9089999794960022,-0.0023817156964588207,"vetro, thick 2mm, temp 38C"
1,1752510314591403484,0.9089999794960022,-0.002788576302207148,"vetro, thick 2mm, temp 38C"
1,1752510314691106557,0.9079999923706055,-0.004536942957539305,"vetro, thick 2mm, temp 38C"
1,1752510314790995121,0.9089999794960022,-0.003185340926759219,"vetro, thick 2mm, temp 38C"
1,1752510314891053676,0.9079999923706055,-0.004036352073982743,"vetro, thick 2mm, temp 38C"
1,1752510314991447448,0.9070000052452087,-0.005890052675177951,"vetro, thick 2mm, temp 38C"
1,1752510315091452836,0.9079999923706055,-0.004468284403283531,"vetro, thick 2mm, temp 38C"
1,1752510315191370964,0.906000018119812,-0.006969426005188131,"vetro, thick 2mm, temp 38C"
1,1752510315291446685,0.9079999923706055,-0.0039677833982262115,"vetro, thick 2mm, temp 38C"
1,1752510315391580104,0.9070000052452087,-0.003939854840688574,"vetro, thick 2mm, temp 38C"
1,1752510315491436004,0.9079999923706055,-0.0017716060861190162,"vetro, thick 2mm, temp 38C"
1,1752510315590904235,0.9070000052452087,-0.0023496964743433112,"vetro, thick 2mm, temp 38C"
1,1752510315691074371,0.9070000052452087,-0.002421488081882296,"vetro, thick 2mm, temp 38C"
1,1752510315791422128,0.906000018119812,-0.00403870886792095,"vetro, thick 2mm, temp 38C"
1,1752510315890972614,0.906000018119812,-0.004467663254966949,"vetro, thick 2mm, temp 38C"
1,1752510315991376638,0.906000018119812,-0.004275761211672437,"vetro, thick 2mm, temp 38C"
1,1752510316091055393,0.906000018119812,-0.003796910701407687,"vetro, thick 2mm, temp 38C"
1,1752510316191268205,0.906000018119812,-0.0032205519882513313,"vetro, thick 2mm, temp 38C"
1,1752510316291075468,0.9070000052452087,-0.0008483097141479996,"vetro, thick 2mm, temp 38C"
1,1752510316391374826,0.906000018119812,-0.001409539951278239,"vetro, thick 2mm, temp 38C"
1,1752510316491306066,0.906000018119812,-0.001409539951278239,"vetro, thick 2mm, temp 38C"
1,1752510316591374397,0.906000018119812,-0.0015576841718570886,"vetro, thick 2mm, temp 38C"
1,1752510316691406250,0.906000018119812,-0.001490083264473597,"vetro, thick 2mm, temp 38C"
1,1752510316791526317,0.906000018119812,-0.0013228513260532323,"vetro, thick 2mm, temp 38C"
1,1752510316891031980,0.906000018119812,-0.0011218510568824288,"vetro, thick 2mm, temp 38C"
1,1752510316991117715,0.906000018119812,-0.0009223943298693145,"vetro, thick 2mm, temp 38C"
1,1752510317091398477,0.906000018119812,-0.0007416450439446282,"vetro, thick 2mm, temp 38C"
1,1752510317191414833,0.906000018119812,-0.0005863298398865575,"vetro, thick 2mm, temp 38C"
1,1752510317291385889,0.9049999713897705,-0.002257539818383104,"vetro, thick 2mm, temp 38C"
1,1752510317391398191,0.906000018119812,-0.001073170010117331,"vetro, thick 2mm, temp 38C"
1,1752510317491378545,0.906000018119812,-0.0003962435031565465,"vetro, thick 2mm, temp 38C"
1,1752510317591422557,0.9039999842643738,-0.003628948539250644,"vetro, thick 2mm, temp 38C"
1,1752510317691448211,0.906000018119812,-0.0012863076986153305,"vetro, thick 2mm, temp 38C"
1,1752510317791482210,0.9049999713897705,-0.0018227301079033927,"vetro, thick 2mm, temp 38C"
1,1752510317891128540,0.902999997138977,-0.005521485030171538,"vetro, thick 2mm, temp 38C"
1,1752510317991394042,0.9049999713897705,-0.0032369876379393604,"vetro, thick 2mm, temp 38C"
1,1752510318091388225,0.9049999713897705,-0.0018262550283309374,"vetro, thick 2mm, temp 38C"
1,1752510318191443443,0.9039999842643738,-0.0027706099227871495,"vetro, thick 2mm, temp 38C"
1,1752510318291462659,0.902999997138977,-0.0047839657537340555,"vetro, thick 2mm, temp 38C"
1,1752510318391420364,0.902999997138977,-0.005339953193061998,"vetro, thick 2mm, temp 38C"
1,1752510318491079092,0.9039999842643738,-0.003331814425242997,"vetro, thick 2mm, temp 38C"
1,1752510318591451168,0.9039999842643738,-0.003331814425242997,"vetro, thick 2mm, temp 38C"
1,1752510318691389799,0.902999997138977,-0.003847939956454006,"vetro, thick 2mm, temp 38C"
1,1752510318791376590,0.902999997138977,-0.00375452687066662,"vetro, thick 2mm, temp 38C"
1,1752510318891220331,0.902999997138977,-0.0033708470402707314,"vetro, thick 2mm, temp 38C"
1,1752510318991227626,0.902999997138977,-0.002879467689752314,"vetro, thick 2mm, temp 38C"
1,1752510319091447830,0.9020000100135803,-0.004179516541634777,"vetro, thick 2mm, temp 38C"
1,1752510319191272497,0.9020000100135803,-0.004440383990309972,"vetro, thick 2mm, temp 38C"
1,1752510319291253805,0.9020000100135803,-0.004168574481032984,"vetro, thick 2mm, temp 38C"
1,1752510319391397714,0.9020000100135803,-0.003660216118194249,"vetro, thick 2mm, temp 38C"
1,1752510319491407155,0.9020000100135803,-0.0030817010697657527,"vetro, thick 2mm, temp 38C"
1,1752510319591425895,0.9020000100135803,-0.002520875599756934,"vetro, thick 2mm, temp 38C"
1,1752510319691324472,0.9020000100135803,-0.0020191923154744946,"vetro, thick 2mm, temp 38C"
1,1752510319791378974,0.9020000100135803,-0.0015916401977833288,"vetro, thick 2mm, temp 38C"
1,1752510319891374826,0.9020000100135803,-0.001238892042314244,"vetro, thick 2mm, temp 38C"
1,1752510319991419076,0.9010000228881836,-0.0027545219880401603,"vetro, thick 2mm, temp 38C"
1,1752510320091382026,0.9020000100135803,-0.001449296856808147,"vetro, thick 2mm, temp 38C"
1,1752510320190959453,0.9020000100135803,-0.0006792998253916774,"vetro, thick 2mm, temp 38C"
1,1752510320291401147,0.9020000100135803,-0.00024086429571228433,"vetro, thick 2mm, temp 38C"
1,1752510320391466379,0.9010000228881836,-0.001804329925269244,"vetro, thick 2mm, temp 38C"
1,1752510320491272687,0.8999999761581421,-0.0042081225045526045,"vetro, thick 2mm, temp 38C"
1,1752510320591384649,0.8999999761581421,-0.005007249842991836,"vetro, thick 2mm, temp 38C"
1,1752510320691329479,0.8999999761581421,-0.005007249842991836,"vetro, thick 2mm, temp 38C"
1,1752510320791379690,0.9020000100135803,-0.0013481088131690254,"vetro, thick 2mm, temp 38C"
1,1752510320891375541,0.9010000228881836,-0.0012337767410848476,"vetro, thick 2mm, temp 38C"
1,1752510320991404533,0.9010000228881836,-0.0010667141190659822,"vetro, thick 2mm, temp 38C"
1,1752510321091218471,0.9010000228881836,-0.0008888491635608018,"vetro, thick 2mm, temp 38C"
1,1752510321191394090,0.9020000100135803,0.0010782779150713124,"vetro, thick 2mm, temp 38C"
1,1752510321291377782,0.9010000228881836,0.00014514834553049842,"vetro, thick 2mm, temp 38C"
1,1752510321391365051,0.9010000228881836,-0.0003251484946422254,"vetro, thick 2mm, temp 38C"
1,1752510321491161823,0.9020000100135803,0.001273646243905024,"vetro, thick 2mm, temp 38C"
1,1752510321591299772,0.9010000228881836,0.0001424506781276362,"vetro, thick 2mm, temp 38C"
1,1752510321691167116,0.8999999761581421,-0.0022247398242093886,"vetro, thick 2mm, temp 38C"
1,1752510321791417598,0.9020000100135803,0.0004156243536132193,"vetro, thick 2mm, temp 38C"
1,1752510321891121625,0.8999999761581421,-0.001928064330867786,"vetro, thick 2mm, temp 38C"
1,1752510321991398096,0.9010000228881836,-0.0011028618824107782,"vetro, thick 2mm, temp 38C"
1,1752510322091188907,0.9010000228881836,-0.0005992551132497645,"vetro, thick 2mm, temp 38C"
1,1752510322191487312,0.8999999761581421,-0.0020986389502431826,"vetro, thick 2mm, temp 38C"
1,1752510322291415452,0.8989999890327454,-0.004444436350562133,"vetro, thick 2mm, temp 38C"
1,1752510322391407966,0.8999999761581421,-0.003393900979453803,"vetro, thick 2mm, temp 38C"
1,1752510322491307020,0.9010000228881836,-0.0007736034453852412,"vetro, thick 2mm, temp 38C"
1,1752510322591031074,0.8989999890327454,-0.003020094283395804,"vetro, thick 2mm, temp 38C"
1,1752510322691398859,0.8999999761581421,-0.0020490894828011155,"vetro, thick 2mm, temp 38C"
1,1752510322791384935,0.8999999761581421,-0.0020490894828011155,"vetro, thick 2mm, temp 38C"
1,1752510322891413688,0.8989999890327454,-0.0031888559027716716,"vetro, thick 2mm, temp 38C"
1,1752510322991335391,0.8980000019073486,-0.005260321243021984,"vetro, thick 2mm, temp 38C"
1,1752510323091392755,0.8980000019073486,-0.005801910347872632,"vetro, thick 2mm, temp 38C"
1,1752510323191390752,0.8989999890327454,-0.0037451402522266993,"vetro, thick 2mm, temp 38C"
1,1752510323291369676,0.8980000019073486,-0.0042002371083737855,"vetro, thick 2mm, temp 38C"
1,1752510323391304254,0.8980000019073486,-0.004045213228132185,"vetro, thick 2mm, temp 38C"
1,1752510323491498708,0.8970000147819519,-0.005405159161995934,"vetro, thick 2mm, temp 38C"
1,1752510323591483354,0.8970000147819519,-0.005585068345009583,"vetro, thick 2mm, temp 38C"
1,1752510323691444873,0.8980000019073486,-0.0033705908679213985,"vetro, thick 2mm, temp 38C"
1,1752510323791406154,0.8960000276565552,-0.005582097377463404,"vetro, thick 2mm, temp 38C"
1,1752510323891392469,0.8960000276565552,-0.0061633468031673045,"vetro, thick 2mm, temp 38C"
1,1752510323991407394,0.8960000276565552,-0.005893457809477079,"vetro, thick 2mm, temp 38C"
1,1752510324091430425,0.8949999809265137,-0.007030885113790667,"vetro, thick 2mm, temp 38C"
1,1752510324191473722,0.8960000276565552,-0.005155360718588511,"vetro, thick 2mm, temp 38C"
1,1752510324291477203,0.8939999938011169,-0.007372432240055196,"vetro, thick 2mm, temp 38C"
1,1752510324391429424,0.8939999938011169,-0.0077952783839688984,"vetro, thick 2mm, temp 38C"
1,1752510324491116285,0.8939999938011169,-0.0073008979399293876,"vetro, thick 2mm, temp 38C"
1,1752510324591385364,0.8930000066757202,-0.008201547533470447,"vetro, thick 2mm, temp 38C"
1,1752510324691384553,0.8930000066757202,-0.007904726556293266,"vetro, thick 2mm, temp 38C"
1,1752510324791377067,0.8930000066757202,-0.007047858887410111,"vetro, thick 2mm, temp 38C"
1,1752510324891174554,0.8930000066757202,-0.007047858887410111,"vetro, thick 2mm, temp 38C"
1,1752510324991397380,0.8930000066757202,-0.005993686429790416,"vetro, thick 2mm, temp 38C"
1,1752510325091423511,0.890999972820282,-0.008537771086664408,"vetro, thick 2mm, temp 38C"
1,1752510325191376447,0.890999972820282,-0.00901597317073282,"vetro, thick 2mm, temp 38C"
1,1752510325291409969,0.890999972820282,-0.008438854606560558,"vetro, thick 2mm, temp 38C"
1,1752510325391573667,0.890999972820282,-0.007396569595525752,"vetro, thick 2mm, temp 38C"
1,1752510325491516113,0.8899999856948853,-0.00802013550223553,"vetro, thick 2mm, temp 38C"
1,1752510325590950965,0.8889999985694885,-0.009403847427036309,"vetro, thick 2mm, temp 38C"
1,1752510325691377639,0.8889999985694885,-0.009235520001755319,"vetro, thick 2mm, temp 38C"
1,1752510325791355133,0.8899999856948853,-0.006521865937495578,"vetro, thick 2mm, temp 38C"
1,1752510325891410350,0.8889999985694885,-0.0064051843373476944,"vetro, thick 2mm, temp 38C"
1,1752510325991407871,0.8880000114440918,-0.007571520588627959,"vetro, thick 2mm, temp 38C"
1,1752510326091455698,0.8889999985694885,-0.005661611673064629,"vetro, thick 2mm, temp 38C"
1,1752510326191121339,0.8889999985694885,-0.004216211253862758,"vetro, thick 2mm, temp 38C"
1,1752510326291382074,0.8880000114440918,-0.0049284828613203515,"vetro, thick 2mm, temp 38C"
1,1752510326391375541,0.8859999775886536,-0.008433993431244673,"vetro, thick 2mm, temp 38C"
1,1752510326491543769,0.8880000114440918,-0.005792573261906634,"vetro, thick 2mm, temp 38C"
1,1752510326591393232,0.8859999775886536,-0.007577006725148231,"vetro, thick 2mm, temp 38C"
1,1752510326691227197,0.8880000114440918,-0.004169387577084474,"vetro, thick 2mm, temp 38C"
1,1752510326791399717,0.8849999904632568,-0.007524447078098588,"vetro, thick 2mm, temp 38C"
1,1752510326891492605,0.8849999904632568,-0.008491225996566647,"vetro, thick 2mm, temp 38C"
1,1752510326991411209,0.8849999904632568,-0.008491225996566647,"vetro, thick 2mm, temp 38C"
1,1752510327091378688,0.8849999904632568,-0.008200737326924994,"vetro, thick 2mm, temp 38C"
1,1752510327191338300,0.8849999904632568,-0.007320331519377458,"vetro, thick 2mm, temp 38C"
1,1752510327291393756,0.8849999904632568,-0.006230102836935128,"vetro, thick 2mm, temp 38C"
1,1752510327391494512,0.8849999904632568,-0.005135181527214242,"vetro, thick 2mm, temp 38C"
1,1752510327491370677,0.8849999904632568,-0.004136503748001744,"vetro, thick 2mm, temp 38C"
1,1752510327591020584,0.8840000033378601,-0.0050748431245815325,"vetro, thick 2mm, temp 38C"
1,1752510327691377639,0.8830000162124634,-0.006877870363607389,"vetro, thick 2mm, temp 38C"
1,1752510327791414022,0.8830000162124634,-0.007142345378005536,"vetro, thick 2mm, temp 38C"
1,1752510327891394853,0.8849999904632568,-0.0030291733996118423,"vetro, thick 2mm, temp 38C"
1,1752510327991491794,0.8840000033378601,-0.0025410703499480405,"vetro, thick 2mm, temp 38C"
1,1752510328091413497,0.8830000162124634,-0.003873180349831576,"vetro, thick 2mm, temp 38C"
1,1752510328191398143,0.8820000290870667,-0.005977304844003743,"vetro, thick 2mm, temp 38C"
1,1752510328291090011,0.8830000162124634,-0.00467039158447358,"vetro, thick 2mm, temp 38C"
1,1752510328391278266,0.8820000290870667,-0.005409645670415312,"vetro, thick 2mm, temp 38C"
1,1752510328491369724,0.8830000162124634,-0.003485035236475301,"vetro, thick 2mm, temp 38C"
1,1752510328591151475,0.8820000290870667,-0.004028299778276127,"vetro, thick 2mm, temp 38C"
1,1752510328691277503,0.8820000290870667,-0.0039319524237137835,"vetro, thick 2mm, temp 38C"
1,1752510328791381597,0.8809999823570251,-0.005330950615918643,"vetro, thick 2mm, temp 38C"
1,1752510328891389131,0.8809999823570251,-0.005536674174666304,"vetro, thick 2mm, temp 38C"
1,1752510328991172552,0.8809999823570251,-0.005139178042732765,"vetro, thick 2mm, temp 38C"
1,1752510329091195821,0.8809999823570251,-0.005139178042732765,"vetro, thick 2mm, temp 38C"
1,1752510329191067695,0.8809999823570251,-0.004481878914239482,"vetro, thick 2mm, temp 38C"
1,1752510329291377067,0.8809999823570251,-0.0037564332389962178,"vetro, thick 2mm, temp 38C"
1,1752510329391381740,0.8809999823570251,-0.003062885866617251,"vetro, thick 2mm, temp 38C"
1,1752510329490919589,0.8809999823570251,-0.002447387926155955,"vetro, thick 2mm, temp 38C"
1,1752510329591423988,0.8799999952316284,-0.003725505847689872,"vetro, thick 2mm, temp 38C"
1,1752510329691228628,0.8799999952316284,-0.004016488102949503,"vetro, thick 2mm, temp 38C"
1,1752510329791211605,0.8809999823570251,-0.001997608653047169,"vetro, thick 2mm, temp 38C"
1,1752510329891359090,0.8799999952316284,-0.0026285497695348404,"vetro, thick 2mm, temp 38C"
1,1752510329991486787,0.8809999823570251,-0.0009011646116415379,"vetro, thick 2mm, temp 38C"
1,1752510330091406583,0.8799999952316284,-0.0017736178949401514,"vetro, thick 2mm, temp 38C"
1,1752510330191446065,0.8799999952316284,-0.0020414943932118646,"vetro, thick 2mm, temp 38C"
1,1752510330291176080,0.8790000081062317,-0.00378899620769009,"vetro, thick 2mm, temp 38C"
1,1752510330391462326,0.878000020980835,-0.006104239263806502,"vetro, thick 2mm, temp 38C"
1,1752510330491390228,0.8790000081062317,-0.004889350001846873,"vetro, thick 2mm, temp 38C"
1,1752510330591372251,0.878000020980835,-0.005653989589034495,"vetro, thick 2mm, temp 38C"
1,1752510330691420555,0.878000020980835,-0.005519803923743275,"vetro, thick 2mm, temp 38C"
1,1752510330791481018,0.878000020980835,-0.00495727059461373,"vetro, thick 2mm, temp 38C"
1,1752510330891211509,0.878000020980835,-0.004235474909824946,"vetro, thick 2mm, temp 38C"
1,1752510330991386175,0.8769999742507935,-0.005300686396468926,"vetro, thick 2mm, temp 38C"
1,1752510331091376304,0.8769999742507935,-0.005345578249242247,"vetro, thick 2mm, temp 38C"
1,1752510331191389799,0.8769999742507935,-0.005345578249242247,"vetro, thick 2mm, temp 38C"
1,1752510331291371345,0.8769999742507935,-0.004886473214669398,"vetro, thick 2mm, temp 38C"
1,1752510331391377449,0.8769999742507935,-0.0042217291584084405,"vetro, thick 2mm, temp 38C"
1,1752510331491364002,0.8769999742507935,-0.003516048946583752,"vetro, thick 2mm, temp 38C"
1,1752510331591337919,0.8769999742507935,-0.0028538212375971445,"vetro, thick 2mm, temp 38C"
1,1752510331691407680,0.8769999742507935,-0.002272485748809984,"vetro, thick 2mm, temp 38C"
1,1752510331791441679,0.8769999742507935,-0.0017831076419111869,"vetro, thick 2mm, temp 38C"
1,1752510331891348361,0.8769999742507935,-0.0013828326817589176,"vetro, thick 2mm, temp 38C"
1,1752510331991283655,0.8759999871253967,-0.0028622198356399687,"vetro, thick 2mm, temp 38C"
1,1752510332091375350,0.8769999742507935,-0.0015295429301199989,"vetro, thick 2mm, temp 38C"
1,1752510332191096544,0.8759999871253967,-0.0025388492084185378,"vetro, thick 2mm, temp 38C"
1,1752510332291502475,0.8759999871253967,-0.0028049128560272652,"vetro, thick 2mm, temp 38C"
1,1752510332391408920,0.875,-0.004482818712027272,"vetro, thick 2mm, temp 38C"
1,1752510332491379737,0.875,-0.004901538897384762,"vetro, thick 2mm, temp 38C"
1,1752510332591388463,0.875,-0.004665573287445414,"vetro, thick 2mm, temp 38C"
1,1752510332691401243,0.875,-0.004130048542705046,"vetro, thick 2mm, temp 38C"
1,1752510332791447877,0.8740000128746033,-0.005295913874652981,"vetro, thick 2mm, temp 38C"
1,1752510332891385078,0.875,-0.0035905788128746795,"vetro, thick 2mm, temp 38C"
1,1752510332991382837,0.8740000128746033,-0.00423178936515869,"vetro, thick 2mm, temp 38C"
1,1752510333091444253,0.8740000128746033,-0.004165121492913549,"vetro, thick 2mm, temp 38C"
1,1752510333191384315,0.8740000128746033,-0.0037575933011511527,"vetro, thick 2mm, temp 38C"
1,1752510333291376829,0.8740000128746033,-0.0037575933011511527,"vetro, thick 2mm, temp 38C"
1,1752510333391040563,0.8730000257492065,-0.005019697915798173,"vetro, thick 2mm, temp 38C"
1,1752510333491417407,0.8740000128746033,-0.003386379538839269,"vetro, thick 2mm, temp 38C"
1,1752510333591408967,0.8730000257492065,-0.004081256201348006,"vetro, thick 2mm, temp 38C"
1,1752510333691383123,0.8730000257492065,-0.004054432707856039,"vetro, thick 2mm, temp 38C"
1,1752510333791207790,0.8730000257492065,-0.0036763902523378592,"vetro, thick 2mm, temp 38C"
1,1752510333891444683,0.8730000257492065,-0.003160274326423408,"vetro, thick 2mm, temp 38C"
1,1752510333991379737,0.8730000257492065,-0.0026229528333471266,"vetro, thick 2mm, temp 38C"
1,1752510334091388463,0.8730000257492065,-0.0021235995467384873,"vetro, thick 2mm, temp 38C"
1,1752510334191381454,0.8730000257492065,-0.0016877924770937202,"vetro, thick 2mm, temp 38C"
1,1752510334291460037,0.8730000257492065,-0.0013223456900293817,"vetro, thick 2mm, temp 38C"
1,1752510334391416311,0.8730000257492065,-0.0010242656522652114,"vetro, thick 2mm, temp 38C"
1,1752510334491343498,0.871999979019165,-0.0025861066391315926,"vetro, thick 2mm, temp 38C"
1,1752510334591525077,0.8730000257492065,-0.0013185750110996884,"vetro, thick 2mm, temp 38C"
1,1752510334691294193,0.871999979019165,-0.0023788968764398193,"vetro, thick 2mm, temp 38C"
1,1752510334791400909,0.8709999918937683,-0.004484330697290864,"vetro, thick 2mm, temp 38C"
1,1752510334891416549,0.8709999918937683,-0.005112403506751642,"vetro, thick 2mm, temp 38C"
1,1752510334991314411,0.8709999918937683,-0.0049600428677799594,"vetro, thick 2mm, temp 38C"
1,1752510335091419935,0.8709999918937683,-0.0044389822965834845,"vetro, thick 2mm, temp 38C"
1,1752510335191397905,0.8709999918937683,-0.0037841542100046886,"vetro, thick 2mm, temp 38C"
1,1752510335291394472,0.8709999918937683,-0.0031227145686806086,"vetro, thick 2mm, temp 38C"
1,1752510335391415596,0.8709999918937683,-0.0031227145686806086,"vetro, thick 2mm, temp 38C"
1,1752510335491380453,0.8709999918937683,-0.0025175648332505865,"vetro, thick 2mm, temp 38C"
1,1752510335591367721,0.8709999918937683,-0.001994460627897211,"vetro, thick 2mm, temp 38C"
1,1752510335691455602,0.8709999918937683,-0.0015586381107633564,"vetro, thick 2mm, temp 38C"
1,1752510335791386604,0.8700000047683716,-0.0030047844731130773,"vetro, thick 2mm, temp 38C"
1,1752510335891373872,0.8690000176429749,-0.005242942413798482,"vetro, thick 2mm, temp 38C"
1,1752510335991367101,0.8700000047683716,-0.004067798161778249,"vetro, thick 2mm, temp 38C"
1,1752510336090925455,0.8700000047683716,-0.0031258756437283286,"vetro, thick 2mm, temp 38C"
1,1752510336191401243,0.8690000176429749,-0.004182981627662488,"vetro, thick 2mm, temp 38C"
1,1752510336291414022,0.8700000047683716,-0.0025245183875865183,"vetro, thick 2mm, temp 38C"
1,1752510336391371726,0.8709999918937683,0.0003153120806474773,"vetro, thick 2mm, temp 38C"
1,1752510336491389274,0.8700000047683716,-0.00012152590289034169,"vetro, thick 2mm, temp 38C"
1,1752510336591372251,0.8690000176429749,-0.0021246160092778265,"vetro, thick 2mm, temp 38C"
1,1752510336691428422,0.8690000176429749,-0.002914914720572706,"vetro, thick 2mm, temp 38C"
1,1752510336791496276,0.8690000176429749,-0.0030398187642556333,"vetro, thick 2mm, temp 38C"
1,1752510336891399145,0.8690000176429749,-0.002827438056877221,"vetro, thick 2mm, temp 38C"
1,1752510336991383790,0.8690000176429749,-0.0024689020851426796,"vetro, thick 2mm, temp 38C"
1,1752510337091075658,0.8679999709129333,-0.0038711023854046487,"vetro, thick 2mm, temp 38C"
1,1752510337191275119,0.8690000176429749,-0.0024096972037718238,"vetro, thick 2mm, temp 38C"
1,1752510337291382312,0.8679999709129333,-0.003276820030507091,"vetro, thick 2mm, temp 38C"
1,1752510337391407728,0.8679999709129333,-0.003406796412861704,"vetro, thick 2mm, temp 38C"
1,1752510337491390228,0.8679999709129333,-0.003406796412861704,"vetro, thick 2mm, temp 38C"
1,1752510337591446876,0.8679999709129333,-0.0031638731630579094,"vetro, thick 2mm, temp 38C"
1,1752510337691499710,0.8679999709129333,-0.0027600921859786604,"vetro, thick 2mm, temp 38C"
1,1752510337791449546,0.8690000176429749,-0.0005137470963970238,"vetro, thick 2mm, temp 38C"
1,1752510337891416788,0.8669999837875366,-0.0029668617036150233,"vetro, thick 2mm, temp 38C"
1,1752510337991400480,0.8679999709129333,-0.0021018934821123852,"vetro, thick 2mm, temp 38C"
1,1752510338091413497,0.8679999709129333,-0.001488888640186106,"vetro, thick 2mm, temp 38C"
1,1752510338191521644,0.8679999709129333,-0.0010545162900253559,"vetro, thick 2mm, temp 38C"
1,1752510338291417121,0.8679999709129333,-0.0007467673723444724,"vetro, thick 2mm, temp 38C"
1,1752510338391376733,0.8669999837875366,-0.002328738164883995,"vetro, thick 2mm, temp 38C"
1,1752510338491380453,0.8669999837875366,-0.002894317418388662,"vetro, thick 2mm, temp 38C"
1,1752510338591354608,0.8669999837875366,-0.0029109626849509493,"vetro, thick 2mm, temp 38C"
1,1752510338691383123,0.8659999966621399,-0.004457109049635059,"vetro, thick 2mm, temp 38C"
1,1752510338791388988,0.8669999837875366,-0.0030136041281489754,"vetro, thick 2mm, temp 38C"
1,1752510338891398191,0.8659999966621399,-0.0038350391708016607,"vetro, thick 2mm, temp 38C"
1,1752510338991067647,0.8659999966621399,-0.0038923888163293653,"vetro, thick 2mm, temp 38C"
1,1752510339091456413,0.8650000095367432,-0.0053701519748824015,"vetro, thick 2mm, temp 38C"
1,1752510339191415309,0.8650000095367432,-0.005610942244834053,"vetro, thick 2mm, temp 38C"
1,1752510339291402339,0.8659999966621399,-0.003423967849361212,"vetro, thick 2mm, temp 38C"
1,1752510339391415357,0.8640000224113464,-0.005644146940565234,"vetro, thick 2mm, temp 38C"
1,1752510339491381168,0.8650000095367432,-0.004424084644890217,"vetro, thick 2mm, temp 38C"
1,1752510339591386318,0.8650000095367432,-0.004424084644890217,"vetro, thick 2mm, temp 38C"
1,1752510339691387891,0.8659999966621399,-0.0016281096762552649,"vetro, thick 2mm, temp 38C"
1,1752510339791415214,0.8650000095367432,-0.0019115288964752586,"vetro, thick 2mm, temp 38C"
1,1752510339891432285,0.8640000224113464,-0.003678343539414544,"vetro, thick 2mm, temp 38C"
1,1752510339991210699,0.8650000095367432,-0.0024130549701933315,"vetro, thick 2mm, temp 38C"
1,1752510340091336488,0.8650000095367432,-0.0015758886239574576,"vetro, thick 2mm, temp 38C"
1,1752510340191479921,0.8650000095367432,-0.0010238471381456525,"vetro, thick 2mm, temp 38C"
1,1752510340291426658,0.8650000095367432,-0.0006612005676647234,"vetro, thick 2mm, temp 38C"
1,1752510340391380310,0.8640000224113464,-0.0022239725227534172,"vetro, thick 2mm, temp 38C"
1,1752510340491383075,0.8640000224113464,-0.0027895732536991095,"vetro, thick 2mm, temp 38C"
1,1752510340591384172,0.8640000224113464,-0.002815656019029669,"vetro, thick 2mm, temp 38C"
1,1752510340691067218,0.8640000224113464,-0.002575027532328813,"vetro, thick 2mm, temp 38C"
1,1752510340791449546,0.8640000224113464,-0.002225367095935951,"vetro, thick 2mm, temp 38C"
1,1752510340891413688,0.8640000224113464,-0.0018537504434692287,"vetro, thick 2mm, temp 38C"
1,1752510340991471290,0.8640000224113464,-0.0015048207438482586,"vetro, thick 2mm, temp 38C"
1,1752510341091405630,0.8640000224113464,-0.001198411324087758,"vetro, thick 2mm, temp 38C"
1,1752510341191403627,0.8640000224113464,-0.0009404136892371428,"vetro, thick 2mm, temp 38C"
1,1752510341291410446,0.8640000224113464,-0.0007293576161290027,"vetro, thick 2mm, temp 38C"
1,1752510341391398191,0.8640000224113464,-0.0005602979548543739,"vetro, thick 2mm, temp 38C"
1,1752510341490919113,0.8640000224113464,-0.0004270319048928404,"vetro, thick 2mm, temp 38C"
1,1752510341591416597,0.8640000224113464,-0.0003232986689713855,"vetro, thick 2mm, temp 38C"
1,1752510341691423177,0.8640000224113464,-0.0003232986689713855,"vetro, thick 2mm, temp 38C"
1,1752510341791413307,0.8629999756813049,-0.0020434566172371294,"vetro, thick 2mm, temp 38C"
1,1752510341890970945,0.8619999885559082,-0.004502399742050092,"vetro, thick 2mm, temp 38C"
1,1752510341991101264,0.8629999756813049,-0.0035020890707098823,"vetro, thick 2mm, temp 38C"
1,1752510342091387510,0.8640000224113464,-0.0008966647113145786,"vetro, thick 2mm, temp 38C"
1,1752510342191405296,0.8629999756813049,-0.0013393910652672613,"vetro, thick 2mm, temp 38C"
1,1752510342291366815,0.8629999756813049,-0.0014357817828299945,"vetro, thick 2mm, temp 38C"
1,1752510342391381263,0.8640000224113464,0.000446291240093653,"vetro, thick 2mm, temp 38C"
1,1752510342491422176,0.8629999756813049,-0.00047174330435686615,"vetro, thick 2mm, temp 38C"
1,1752510342591380119,0.8619999885559082,-0.0026791001594596046,"vetro, thick 2mm, temp 38C"
1,1752510342691397190,0.8619999885559082,-0.003519586004108624,"vetro, thick 2mm, temp 38C"
1,1752510342791421413,0.8619999885559082,-0.0036146613276168776,"vetro, thick 2mm, temp 38C"
1,1752510342891378879,0.8629999756813049,-0.0015359518909362512,"vetro, thick 2mm, temp 38C"
1,1752510342991457939,0.8640000224113464,0.0014209355172962275,"vetro, thick 2mm, temp 38C"
1,1752510343091379880,0.8600000143051147,-0.004458088440443511,"vetro, thick 2mm, temp 38C"
1,1752510343191380500,0.8629999756813049,-0.0015376517429535963,"vetro, thick 2mm, temp 38C"
1,1752510343291476488,0.8629999756813049,3.175089568232354e-05,"vetro, thick 2mm, temp 38C"
1,1752510343391374588,0.8619999885559082,-0.001002076217711425,"vetro, thick 2mm, temp 38C"
1,1752510343491396665,0.8610000014305115,-0.0032184414693944537,"vetro, thick 2mm, temp 38C"
1,1752510343591428756,0.8619999885559082,-0.0022148238847594453,"vetro, thick 2mm, temp 38C"
1,1752510343691368103,0.8619999885559082,-0.0015237171186599533,"vetro, thick 2mm, temp 38C"
2,1752510419755810022,0.9829999804496765,-0.019315928387939482,"vetro, thick 2mm, temp 38C"
2,1752510419856139421,0.9789999723434448,-0.029288763136892028,"vetro, thick 2mm, temp 38C"
2,1752510419955799579,0.9760000109672546,-0.03693939395870077,"vetro, thick 2mm, temp 38C"
2,1752510420055773496,0.972000002861023,-0.0445636721963209,"vetro, thick 2mm, temp 38C"
2,1752510420156110048,0.9700000286102295,-0.04788879168651424,"vetro, thick 2mm, temp 38C"
2,1752510420256223678,0.9660000205039978,-0.05240812357613965,"vetro, thick 2mm, temp 38C"
2,1752510420356214284,0.9649999737739563,-0.051705949194278296,"vetro, thick 2mm, temp 38C"
2,1752510420456156015,0.9620000123977661,-0.05210827879682359,"vetro, thick 2mm, temp 38C"
2,1752510420556288242,0.9610000252723694,-0.04941565203607084,"vetro, thick 2mm, temp 38C"
2,1752510420656172990,0.9580000042915344,-0.04904889400555848,"vetro, thick 2mm, temp 38C"
2,1752510420755944967,0.9559999704360962,-0.04805484304989587,"vetro, thick 2mm, temp 38C"
2,1752510420856276750,0.9539999961853027,-0.04684277585855883,"vetro, thick 2mm, temp 38C"
2,1752510420956225395,0.9520000219345093,-0.045632966758961585,"vetro, thick 2mm, temp 38C"
2,1752510421056169509,0.9509999752044678,-0.042733277405927125,"vetro, thick 2mm, temp 38C"
2,1752510421156256198,0.9490000009536743,-0.04106638830783505,"vetro, thick 2mm, temp 38C"
2,1752510421256105661,0.9470000267028809,-0.04015359135349295,"vetro, thick 2mm, temp 38C"
2,1752510421355815649,0.9459999799728394,-0.037892581738125625,"vetro, thick 2mm, temp 38C"
2,1752510421455686330,0.9459999799728394,-0.037892581738125625,"vetro, thick 2mm, temp 38C"
2,1752510421556141376,0.9449999928474426,-0.03517433149587848,"vetro, thick 2mm, temp 38C"
2,1752510421656176328,0.9440000057220459,-0.0324766758682626,"vetro, thick 2mm, temp 38C"
2,1752510421756174564,0.9430000185966492,-0.030031900608301344,"vetro, thick 2mm, temp 38C"
2,1752510421856291532,0.9409999847412109,-0.029731150615962144,"vetro, thick 2mm, temp 38C"
2,1752510421956123352,0.9409999847412109,-0.026907979564279417,"vetro, thick 2mm, temp 38C"
2,1752510422056131124,0.9390000104904175,-0.02670286123959802,"vetro, thick 2mm, temp 38C"
2,1752510422156172990,0.9369999766349792,-0.027799156688729166,"vetro, thick 2mm, temp 38C"
2,1752510422256203413,0.9369999766349792,-0.025834417356817997,"vetro, thick 2mm, temp 38C"
2,1752510422356228113,0.9359999895095825,-0.02434657434778207,"vetro, thick 2mm, temp 38C"
2,1752510422455903291,0.9350000023841858,-0.023226316407768177,"vetro, thick 2mm, temp 38C"
2,1752510422556277275,0.9340000152587891,-0.022386998366176414,"vetro, thick 2mm, temp 38C"
2,1752510422656104087,0.9330000281333923,-0.021760879498554563,"vetro, thick 2mm, temp 38C"
2,1752510422756240844,0.9330000281333923,-0.019495602098549943,"vetro, thick 2mm, temp 38C"
2,1752510422855879068,0.9319999814033508,-0.018431096097752904,"vetro, thick 2mm, temp 38C"
2,1752510422956002712,0.9309999942779541,-0.018050666334278605,"vetro, thick 2mm, temp 38C"
2,1752510423056113004,0.9309999942779541,-0.01623969578009112,"vetro, thick 2mm, temp 38C"
2,1752510423156220436,0.9309999942779541,-0.013890747588331014,"vetro, thick 2mm, temp 38C"
2,1752510423256140232,0.9300000071525574,-0.013289572517132735,"vetro, thick 2mm, temp 38C"
2,1752510423356159448,0.9279999732971191,-0.015398996145492555,"vetro, thick 2mm, temp 38C"
2,1752510423456120252,0.9279999732971191,-0.01504670407029462,"vetro, thick 2mm, temp 38C"
2,1752510423556154966,0.9279999732971191,-0.01504670407029462,"vetro, thick 2mm, temp 38C"
2,1752510423656143426,0.9269999861717224,-0.015319854412835227,"vetro, thick 2mm, temp 38C"
2,1752510423756148576,0.9259999990463257,-0.015874888009239124,"vetro, thick 2mm, temp 38C"
2,1752510423856117963,0.925000011920929,-0.016518091376359484,"vetro, thick 2mm, temp 38C"
2,1752510423956131935,0.925000011920929,-0.01534663280237622,"vetro, thick 2mm, temp 38C"
2,1752510424056304931,0.9240000247955322,-0.01519139797462476,"vetro, thick 2mm, temp 38C"
2,1752510424155848264,0.9240000247955322,-0.013748107091310264,"vetro, thick 2mm, temp 38C"
2,1752510424256307601,0.921999990940094,-0.015403625860057075,"vetro, thick 2mm, temp 38C"
2,1752510424356117725,0.921999990940094,-0.014828503729337767,"vetro, thick 2mm, temp 38C"
2,1752510424456117868,0.921999990940094,-0.013212128549644857,"vetro, thick 2mm, temp 38C"
2,1752510424556147098,0.921999990940094,-0.011231013142127325,"vetro, thick 2mm, temp 38C"
2,1752510424656172752,0.921999990940094,-0.009249475409652189,"vetro, thick 2mm, temp 38C"
2,1752510424755854368,0.9210000038146973,-0.009246045959584863,"vetro, thick 2mm, temp 38C"
2,1752510424855922937,0.9210000038146973,-0.008412221392689238,"vetro, thick 2mm, temp 38C"
2,1752510424956165552,0.9200000166893005,-0.009046524255282599,"vetro, thick 2mm, temp 38C"
2,1752510425056117773,0.9179999828338623,-0.0121432064147668,"vetro, thick 2mm, temp 38C"
2,1752510425156209468,0.9190000295639038,-0.010767607981510234,"vetro, thick 2mm, temp 38C"
2,1752510425255704164,0.9179999828338623,-0.01092456414495328,"vetro, thick 2mm, temp 38C"
2,1752510425356043815,0.9179999828338623,-0.010018261891994477,"vetro, thick 2mm, temp 38C"
2,1752510425456166028,0.9179999828338623,-0.008672530217765054,"vetro, thick 2mm, temp 38C"
2,1752510425556110382,0.9169999957084656,-0.009032570803507781,"vetro, thick 2mm, temp 38C"
2,1752510425656135797,0.9169999957084656,-0.009032570803507781,"vetro, thick 2mm, temp 38C"
2,1752510425756272792,0.9179999828338623,-0.006596082492491787,"vetro, thick 2mm, temp 38C"
2,1752510425856213092,0.9169999957084656,-0.006608532621483745,"vetro, thick 2mm, temp 38C"
2,1752510425956316709,0.9139999747276306,-0.011419903014259141,"vetro, thick 2mm, temp 38C"
2,1752510426056182861,0.9150000214576721,-0.010949599121361214,"vetro, thick 2mm, temp 38C"
2,1752510426155905961,0.9150000214576721,-0.009733686292918613,"vetro, thick 2mm, temp 38C"
2,1752510426255725383,0.9150000214576721,-0.008261857240618956,"vetro, thick 2mm, temp 38C"
2,1752510426356297492,0.9150000214576721,-0.00679709385333637,"vetro, thick 2mm, temp 38C"
2,1752510426456230163,0.9139999747276306,-0.0072677054608422925,"vetro, thick 2mm, temp 38C"
2,1752510426556244850,0.9139999747276306,-0.006844211657044267,"vetro, thick 2mm, temp 38C"
2,1752510426656123161,0.9139999747276306,-0.006020720644049208,"vetro, thick 2mm, temp 38C"
2,1752510426756345033,0.9129999876022339,-0.0068753220154313,"vetro, thick 2mm, temp 38C"
2,1752510426856106758,0.9129999876022339,-0.006675297706019705,"vetro, thick 2mm, temp 38C"
2,1752510426956108331,0.9129999876022339,-0.005976509000866141,"vetro, thick 2mm, temp 38C"
2,1752510427056137800,0.9120000004768372,-0.006896193550976963,"vetro, thick 2mm, temp 38C"
2,1752510427156104564,0.9110000133514404,-0.008526158386657594,"vetro, thick 2mm, temp 38C"
2,1752510427256204366,0.9120000004768372,-0.006757510075627941,"vetro, thick 2mm, temp 38C"
2,1752510427356236219,0.9110000133514404,-0.007082673322130987,"vetro, thick 2mm, temp 38C"
2,1752510427456168651,0.9110000133514404,-0.006604562713925658,"vetro, thick 2mm, temp 38C"
2,1752510427556253910,0.9100000262260437,-0.007575854697365851,"vetro, thick 2mm, temp 38C"
2,1752510427656364917,0.9100000262260437,-0.007369960846488592,"vetro, thick 2mm, temp 38C"
2,1752510427755914926,0.9100000262260437,-0.007369960846488592,"vetro, thick 2mm, temp 38C"
2,1752510427856206178,0.9100000262260437,-0.006605776383374799,"vetro, thick 2mm, temp 38C"
2,1752510427956170082,0.9100000262260437,-0.005636806121945252,"vetro, thick 2mm, temp 38C"
2,1752510428056131124,0.9079999923706055,-0.00825475908265855,"vetro, thick 2mm, temp 38C"
2,1752510428156219720,0.9089999794960022,-0.006994650890254853,"vetro, thick 2mm, temp 38C"
2,1752510428256164312,0.9100000262260437,-0.003947595181779442,"vetro, thick 2mm, temp 38C"
2,1752510428356124639,0.9089999794960022,-0.0038993384323410176,"vetro, thick 2mm, temp 38C"
2,1752510428456130743,0.9079999923706055,-0.005324728991919639,"vetro, thick 2mm, temp 38C"
2,1752510428556201934,0.9079999923706055,-0.005543944756840405,"vetro, thick 2mm, temp 38C"
2,1752510428656148195,0.9079999923706055,-0.0051524054535358275,"vetro, thick 2mm, temp 38C"
2,1752510428756157875,0.9079999923706055,-0.0044968347040982215,"vetro, thick 2mm, temp 38C"
2,1752510428856197595,0.906000018119812,-0.007370843564933331,"vetro, thick 2mm, temp 38C"
2,1752510428956222772,0.906000018119812,-0.008115731985898603,"vetro, thick 2mm, temp 38C"
2,1752510429056128263,0.9070000052452087,-0.00595033460772664,"vetro, thick 2mm, temp 38C"
2,1752510429156341075,0.9089999794960022,-0.0007538061262987519,"vetro, thick 2mm, temp 38C"
2,1752510429256105184,0.906000018119812,-0.003539595096174444,"vetro, thick 2mm, temp 38C"
2,1752510429356227874,0.906000018119812,-0.004586068132757806,"vetro, thick 2mm, temp 38C"
2,1752510429456103563,0.906000018119812,-0.004686093788735604,"vetro, thick 2mm, temp 38C"
2,1752510429556161165,0.906000018119812,-0.004313357919178676,"vetro, thick 2mm, temp 38C"
2,1752510429656120061,0.906000018119812,-0.0037425151303695976,"vetro, thick 2mm, temp 38C"
2,1752510429756108522,0.906000018119812,-0.0031259758021198987,"vetro, thick 2mm, temp 38C"
2,1752510429856281518,0.906000018119812,-0.0031259758021198987,"vetro, thick 2mm, temp 38C"
2,1752510429956187248,0.906000018119812,-0.0025425337090866943,"vetro, thick 2mm, temp 38C"
2,1752510430056349754,0.9049999713897705,-0.0038279031637573763,"vetro, thick 2mm, temp 38C"
2,1752510430156273841,0.9039999842643738,-0.005913199737521994,"vetro, thick 2mm, temp 38C"
2,1752510430256129980,0.9039999842643738,-0.0064028070822896785,"vetro, thick 2mm, temp 38C"
2,1752510430356158256,0.9049999713897705,-0.004266485218105768,"vetro, thick 2mm, temp 38C"
2,1752510430456157445,0.9039999842643738,-0.004635680660740264,"vetro, thick 2mm, temp 38C"
2,1752510430556172609,0.902999997138977,-0.006199351993878593,"vetro, thick 2mm, temp 38C"
2,1752510430656077146,0.902999997138977,-0.006407609267667229,"vetro, thick 2mm, temp 38C"
2,1752510430756145238,0.902999997138977,-0.005932970497733574,"vetro, thick 2mm, temp 38C"
2,1752510430855930566,0.902999997138977,-0.005166430155670058,"vetro, thick 2mm, temp 38C"
2,1752510430956163883,0.902999997138977,-0.004325846674048731,"vetro, thick 2mm, temp 38C"
2,1752510431056108236,0.9020000100135803,-0.005324611393103955,"vetro, thick 2mm, temp 38C"
2,1752510431156162023,0.9020000100135803,-0.005334791080061533,"vetro, thick 2mm, temp 38C"
2,1752510431256222963,0.902999997138977,-0.00305967110375113,"vetro, thick 2mm, temp 38C"
2,1752510431356146335,0.9010000228881836,-0.005269445567449586,"vetro, thick 2mm, temp 38C"
2,1752510431456156969,0.9020000100135803,-0.004078008127877212,"vetro, thick 2mm, temp 38C"
2,1752510431555867433,0.9020000100135803,-0.0031271830509777805,"vetro, thick 2mm, temp 38C"
2,1752510431656149864,0.9010000228881836,-0.004179809114423164,"vetro, thick 2mm, temp 38C"
2,1752510431755961179,0.9010000228881836,-0.004319413065213254,"vetro, thick 2mm, temp 38C"
2,1752510431856239080,0.9010000228881836,-0.003999071825231285,"vetro, thick 2mm, temp 38C"
2,1752510431956292390,0.9010000228881836,-0.003999071825231285,"vetro, thick 2mm, temp 38C"
2,1752510432056257963,0.8999999761581421,-0.005282272267443926,"vetro, thick 2mm, temp 38C"
2,1752510432156137704,0.9010000228881836,-0.003635551865983448,"vetro, thick 2mm, temp 38C"
2,1752510432255764961,0.9020000100135803,-0.0007014823756151512,"vetro, thick 2mm, temp 38C"
2,1752510432356215000,0.8999999761581421,-0.0028007158513180847,"vetro, thick 2mm, temp 38C"
2,1752510432456026315,0.8999999761581421,-0.003577275827793762,"vetro, thick 2mm, temp 38C"
2,1752510432556145191,0.8999999761581421,-0.0036358353917655003,"vetro, thick 2mm, temp 38C"
2,1752510432656120300,0.9010000228881836,-0.0015372202787779987,"vetro, thick 2mm, temp 38C"
2,1752510432755864143,0.8999999761581421,-0.0021706331623988417,"vetro, thick 2mm, temp 38C"
2,1752510432856147050,0.8989999890327454,-0.00408562531647129,"vetro, thick 2mm, temp 38C"
2,1752510432956193685,0.8999999761581421,-0.002856288367770091,"vetro, thick 2mm, temp 38C"
2,1752510433056231737,0.8989999890327454,-0.0037968241355214186,"vetro, thick 2mm, temp 38C"
2,1752510433156147241,0.8980000019073486,-0.005715949315236594,"vetro, thick 2mm, temp 38C"
2,1752510433256109237,0.8989999890327454,-0.004341908389211616,"vetro, thick 2mm, temp 38C"
2,1752510433356152534,0.8989999890327454,-0.0032778565804303748,"vetro, thick 2mm, temp 38C"
2,1752510433456158161,0.8989999890327454,-0.002461464101888758,"vetro, thick 2mm, temp 38C"
2,1752510433556148052,0.8980000019073486,-0.0036398768439476125,"vetro, thick 2mm, temp 38C"
2,1752510433655840158,0.8980000019073486,-0.003889710171601127,"vetro, thick 2mm, temp 38C"
2,1752510433756128549,0.8980000019073486,-0.003662054586707267,"vetro, thick 2mm, temp 38C"
2,1752510433856164455,0.8980000019073486,-0.003220918437305623,"vetro, thick 2mm, temp 38C"
2,1752510433956146717,0.8980000019073486,-0.0027148790647412964,"vetro, thick 2mm, temp 38C"
2,1752510434055776834,0.8980000019073486,-0.0027148790647412964,"vetro, thick 2mm, temp 38C"
2,1752510434156125545,0.8970000147819519,-0.004022557482072179,"vetro, thick 2mm, temp 38C"
2,1752510434256265878,0.8980000019073486,-0.00250131290746364,"vetro, thick 2mm, temp 38C"
2,1752510434356146574,0.8970000147819519,-0.0033307617299478537,"vetro, thick 2mm, temp 38C"
2,1752510434455940723,0.8980000019073486,-0.0016374462715557448,"vetro, thick 2mm, temp 38C"
2,1752510434555769205,0.8970000147819519,-0.0024603283582176473,"vetro, thick 2mm, temp 38C"
2,1752510434656167507,0.8970000147819519,-0.0026421110284422645,"vetro, thick 2mm, temp 38C"
2,1752510434756160259,0.8970000147819519,-0.002493394544292684,"vetro, thick 2mm, temp 38C"
2,1752510434856207847,0.8960000276565552,-0.003996094783787321,"vetro, thick 2mm, temp 38C"
2,1752510434956163644,0.8970000147819519,-0.0025727925448846855,"vetro, thick 2mm, temp 38C"
2,1752510435056030750,0.8970000147819519,-0.0016438231187828076,"vetro, thick 2mm, temp 38C"
2,1752510435156141519,0.8970000147819519,-0.0010406840193025197,"vetro, thick 2mm, temp 38C"
2,1752510435256176233,0.8970000147819519,-0.000651484298820017,"vetro, thick 2mm, temp 38C"
2,1752510435356121778,0.8949999809265137,-0.004002203788678674,"vetro, thick 2mm, temp 38C"
2,1752510435456131696,0.8970000147819519,-0.0016837970579395866,"vetro, thick 2mm, temp 38C"
2,1752510435555733919,0.8949999809265137,-0.003996296964451732,"vetro, thick 2mm, temp 38C"
2,1752510435656107187,0.8949999809265137,-0.004769755191842032,"vetro, thick 2mm, temp 38C"
2,1752510435756142616,0.8939999938011169,-0.006519448581711621,"vetro, thick 2mm, temp 38C"
2,1752510435856030941,0.8960000276565552,-0.00318998703060486,"vetro, thick 2mm, temp 38C"
2,1752510435956126928,0.8960000276565552,-0.0012714520378080206,"vetro, thick 2mm, temp 38C"
2,1752510436055913925,0.8949999809265137,-0.00201702332200965,"vetro, thick 2mm, temp 38C"
2,1752510436156101226,0.8949999809265137,-0.00201702332200965,"vetro, thick 2mm, temp 38C"
2,1752510436256110429,0.8949999809265137,-0.0022008211522874933,"vetro, thick 2mm, temp 38C"
2,1752510436356239080,0.8939999938011169,-0.0038927850111319193,"vetro, thick 2mm, temp 38C"
2,1752510436456241130,0.8949999809265137,-0.0025715198252496047,"vetro, thick 2mm, temp 38C"
2,1752510436556168556,0.8939999938011169,-0.0034926399256089012,"vetro, thick 2mm, temp 38C"
2,1752510436656299829,0.8939999938011169,-0.0036296511814802347,"vetro, thick 2mm, temp 38C"
2,1752510436755907058,0.8939999938011169,-0.003370118090523958,"vetro, thick 2mm, temp 38C"
2,1752510436856249094,0.8949999809265137,-0.0011396594220941,"vetro, thick 2mm, temp 38C"
2,1752510436956143140,0.8930000066757202,-0.0035441189780031895,"vetro, thick 2mm, temp 38C"
2,1752510437056116819,0.8930000066757202,-0.004403333452378482,"vetro, thick 2mm, temp 38C"
2,1752510437156161069,0.8930000066757202,-0.004428048534108268,"vetro, thick 2mm, temp 38C"
2,1752510437256162643,0.8930000066757202,-0.004041634556086075,"vetro, thick 2mm, temp 38C"
2,1752510437356184482,0.8930000066757202,-0.003488544596807423,"vetro, thick 2mm, temp 38C"
2,1752510437456129789,0.8939999938011169,-0.0011035846773340828,"vetro, thick 2mm, temp 38C"
2,1752510437556170225,0.8930000066757202,-0.0016356085215461758,"vetro, thick 2mm, temp 38C"
2,1752510437656148910,0.8930000066757202,-0.0017490954382708569,"vetro, thick 2mm, temp 38C"
2,1752510437756133794,0.8930000066757202,-0.0016472854380215208,"vetro, thick 2mm, temp 38C"
2,1752510437856229782,0.8930000066757202,-0.0014491428484772508,"vetro, thick 2mm, temp 38C"
2,1752510437955918312,0.8930000066757202,-0.001221630123237497,"vetro, thick 2mm, temp 38C"
2,1752510438056169986,0.8930000066757202,-0.0010002021767785783,"vetro, thick 2mm, temp 38C"
2,1752510438156257390,0.8930000066757202,-0.0008016842871035354,"vetro, thick 2mm, temp 38C"
2,1752510438255820274,0.8930000066757202,-0.0008016842871035354,"vetro, thick 2mm, temp 38C"
2,1752510438356288433,0.8930000066757202,-0.0006322589353234295,"vetro, thick 2mm, temp 38C"
2,1752510438456120252,0.8930000066757202,-0.0004923372087722341,"vetro, thick 2mm, temp 38C"
2,1752510438556141376,0.8930000066757202,-0.00037946521397253267,"vetro, thick 2mm, temp 38C"
2,1752510438656248331,0.8930000066757202,-0.00029000606726309634,"vetro, thick 2mm, temp 38C"
2,1752510438756296157,0.8920000195503235,-0.002020047365035841,"vetro, thick 2mm, temp 38C"
2,1752510438856241703,0.8920000195503235,-0.0026859633380912056,"vetro, thick 2mm, temp 38C"
2,1752510438956379175,0.8930000066757202,-0.0009705486387458972,"vetro, thick 2mm, temp 38C"
2,1752510439056214809,0.8920000195503235,-0.0018426228842937245,"vetro, thick 2mm, temp 38C"
2,1752510439156105995,0.8920000195503235,-0.002104103205025624,"vetro, thick 2mm, temp 38C"
2,1752510439256159543,0.8930000066757202,-0.00024288244801794808,"vetro, thick 2mm, temp 38C"
2,1752510439356161355,0.8930000066757202,0.0006909751432373792,"vetro, thick 2mm, temp 38C"
2,1752510439456147432,0.8920000195503235,-0.0007135992256530756,"vetro, thick 2mm, temp 38C"
2,1752510439556168556,0.890999972820282,-0.0031377008501753665,"vetro, thick 2mm, temp 38C"
2,1752510439656144380,0.8930000066757202,-0.00044305662988658803,"vetro, thick 2mm, temp 38C"
2,1752510439756112337,0.8920000195503235,-0.0008827826909695226,"vetro, thick 2mm, temp 38C"
2,1752510439856022834,0.8920000195503235,-0.0010187980187128889,"vetro, thick 2mm, temp 38C"
2,1752510439956173658,0.890999972820282,-0.0027938378216976353,"vetro, thick 2mm, temp 38C"
2,1752510440056148052,0.8899999856948853,-0.005212138746921429,"vetro, thick 2mm, temp 38C"
2,1752510440156109094,0.890999972820282,-0.004128036887343949,"vetro, thick 2mm, temp 38C"
2,1752510440256114959,0.890999972820282,-0.0032253036562901616,"vetro, thick 2mm, temp 38C"
2,1752510440356202840,0.890999972820282,-0.0032253036562901616,"vetro, thick 2mm, temp 38C"
2,1752510440456060886,0.8899999856948853,-0.004292663869721641,"vetro, thick 2mm, temp 38C"
2,1752510440556173324,0.8899999856948853,-0.004429330626028099,"vetro, thick 2mm, temp 38C"
2,1752510440656248569,0.890999972820282,-0.002297680754561686,"vetro, thick 2mm, temp 38C"
2,1752510440756167888,0.8899999856948853,-0.002846357875346721,"vetro, thick 2mm, temp 38C"
2,1752510440856146097,0.8899999856948853,-0.0028590374557503507,"vetro, thick 2mm, temp 38C"
2,1752510440956055879,0.8889999985694885,-0.004407913904844601,"vetro, thick 2mm, temp 38C"
2,1752510441056121349,0.8889999985694885,-0.0047701511134647205,"vetro, thick 2mm, temp 38C"
2,1752510441156151294,0.8889999985694885,-0.004518333745476782,"vetro, thick 2mm, temp 38C"
2,1752510441256346225,0.8889999985694885,-0.003988293198069875,"vetro, thick 2mm, temp 38C"
2,1752510441355848550,0.8899999856948853,-0.0015696501163001853,"vetro, thick 2mm, temp 38C"
2,1752510441456120491,0.8899999856948853,-0.00024324649576609606,"vetro, thick 2mm, temp 38C"
2,1752510441556113004,0.8889999985694885,-0.0013713933627996268,"vetro, thick 2mm, temp 38C"
2,1752510441656156063,0.8889999985694885,-0.0018007599249942378,"vetro, thick 2mm, temp 38C"
2,1752510441756109237,0.8889999985694885,-0.0018490811472199713,"vetro, thick 2mm, temp 38C"
2,1752510441856157302,0.8899999856948853,9.363558285345312e-05,"vetro, thick 2mm, temp 38C"
2,1752510441956271886,0.8889999985694885,-0.0007628372475815649,"vetro, thick 2mm, temp 38C"
2,1752510442056056499,0.8880000114440918,-0.0029138304079266257,"vetro, thick 2mm, temp 38C"
2,1752510442156147956,0.8889999985694885,-0.0019055954940682509,"vetro, thick 2mm, temp 38C"
2,1752510442256172657,0.8889999985694885,-0.0012400567918116878,"vetro, thick 2mm, temp 38C"
2,1752510442356168985,0.8889999985694885,-0.0008023377164429734,"vetro, thick 2mm, temp 38C"
2,1752510442455906629,0.8889999985694885,-0.0008023377164429734,"vetro, thick 2mm, temp 38C"
2,1752510442556105375,0.8880000114440918,-0.002315621800746575,"vetro, thick 2mm, temp 38C"
2,1752510442656248569,0.8889999985694885,-0.0010487482142741134,"vetro, thick 2mm, temp 38C"
2,1752510442756250858,0.8889999985694885,-0.00033359281761788243,"vetro, thick 2mm, temp 38C"
2,1752510442856142044,0.8889999985694885,4.68566803292728e-05,"vetro, thick 2mm, temp 38C"
2,1752510442956174612,0.8889999985694885,0.000229059833093677,"vetro, thick 2mm, temp 38C"
2,1752510443056300401,0.8889999985694885,0.00029772399296981874,"vetro, thick 2mm, temp 38C"
2,1752510443156089067,0.8889999985694885,0.0003045742719418891,"vetro, thick 2mm, temp 38C"
2,1752510443256299495,0.8889999985694885,0.00028051922416359607,"vetro, thick 2mm, temp 38C"
2,1752510443355747222,0.8880000114440918,-0.0015564913051364804,"vetro, thick 2mm, temp 38C"
2,1752510443456362962,0.8889999985694885,-0.0005165654213170542,"vetro, thick 2mm, temp 38C"
2,1752510443556148767,0.8880000114440918,-0.0017604876760409938,"vetro, thick 2mm, temp 38C"
2,1752510443655973672,0.8889999985694885,-0.00041158886429792235,"vetro, thick 2mm, temp 38C"
2,1752510443756113767,0.8889999985694885,0.00028641455124290443,"vetro, thick 2mm, temp 38C"
2,1752510443855880022,0.8870000243186951,-0.002997294736182215,"vetro, thick 2mm, temp 38C"
2,1752510443956175804,0.8889999985694885,-0.0007366021093359199,"vetro, thick 2mm, temp 38C"
2,1752510444056116342,0.8889999985694885,0.0004374314676591619,"vetro, thick 2mm, temp 38C"
2,1752510444156009674,0.8889999985694885,0.000973339088297516,"vetro, thick 2mm, temp 38C"
2,1752510444256109714,0.8880000114440918,-0.0006516435212504601,"vetro, thick 2mm, temp 38C"
2,1752510444356166601,0.8880000114440918,-0.0013892370830164305,"vetro, thick 2mm, temp 38C"
2,1752510444455931425,0.8880000114440918,-0.0016256265908103965,"vetro, thick 2mm, temp 38C"
2,1752510444556134939,0.8880000114440918,-0.0016256265908103965,"vetro, thick 2mm, temp 38C"
2,1752510444656152009,0.8880000114440918,-0.0015951510564565057,"vetro, thick 2mm, temp 38C"
2,1752510444756126403,0.8870000243186951,-0.003236631275255991,"vetro, thick 2mm, temp 38C"
2,1752510444855952978,0.8880000114440918,-0.0019496829419806511,"vetro, thick 2mm, temp 38C"
2,1752510444956338644,0.8859999775886536,-0.004743667733686347,"vetro, thick 2mm, temp 38C"
2,1752510445056166648,0.8880000114440918,-0.0020857292458015208,"vetro, thick 2mm, temp 38C"
2,1752510445156206846,0.8870000243186951,-0.0023956005803298765,"vetro, thick 2mm, temp 38C"
2,1752510445255953311,0.8870000243186951,-0.0023318334820191912,"vetro, thick 2mm, temp 38C"
2,1752510445356161594,0.8880000114440918,-0.0002907457647511598,"vetro, thick 2mm, temp 38C"
2,1752510445456036090,0.8870000243186951,-0.0010644224901763253,"vetro, thick 2mm, temp 38C"
2,1752510445556124210,0.8859999775886536,-0.003147810175593552,"vetro, thick 2mm, temp 38C"
2,1752510445656135082,0.8870000243186951,-0.0020852831115697633,"vetro, thick 2mm, temp 38C"
2,1752510445756245851,0.8870000243186951,-0.0013769693701568715,"vetro, thick 2mm, temp 38C"
2,1752510445856135129,0.8859999775886536,-0.002706052507625095,"vetro, thick 2mm, temp 38C"
2,1752510445956209659,0.8849999904632568,-0.0049137353450122,"vetro, thick 2mm, temp 38C"
2,1752510446056209802,0.8859999775886536,-0.0037532869285668187,"vetro, thick 2mm, temp 38C"
2,1752510446156206130,0.8859999775886536,-0.002846871380937572,"vetro, thick 2mm, temp 38C"
2,1752510446256183624,0.8859999775886536,-0.002146509338314901,"vetro, thick 2mm, temp 38C"
2,1752510446356164932,0.8859999775886536,-0.0016101460969815745,"vetro, thick 2mm, temp 38C"
2,1752510446456123590,0.8870000243186951,0.0005976691540747594,"vetro, thick 2mm, temp 38C"
2,1752510446555866003,0.8859999775886536,-0.00017437571084907844,"vetro, thick 2mm, temp 38C"
2,1752510446656131267,0.8859999775886536,-0.00017437571084907844,"vetro, thick 2mm, temp 38C"
2,1752510446756160974,0.8859999775886536,-0.0005369838806853434,"vetro, thick 2mm, temp 38C"
2,1752510446856134891,0.8859999775886536,-0.00066633333464336,"vetro, thick 2mm, temp 38C"
2,1752510446956182718,0.8849999904632568,-0.002469721392679087,"vetro, thick 2mm, temp 38C"
2,1752510447056117296,0.8859999775886536,-0.0013311297900613312,"vetro, thick 2mm, temp 38C"
2,1752510447156146764,0.8859999775886536,-0.0006534182236730805,"vetro, thick 2mm, temp 38C"
2,1752510447256310462,0.8849999904632568,-0.0020625087417263715,"vetro, thick 2mm, temp 38C"
2,1752510447356429576,0.8849999904632568,-0.0025673373088170143,"vetro, thick 2mm, temp 38C"
2,1752510447456235885,0.8849999904632568,-0.0025836429488979634,"vetro, thick 2mm, temp 38C"
2,1752510447556184053,0.8859999775886536,-0.0005591280214226335,"vetro, thick 2mm, temp 38C"
2,1752510447656228303,0.8849999904632568,-0.0013167710107457823,"vetro, thick 2mm, temp 38C"
2,1752510447756304740,0.8849999904632568,-0.0015695066845469122,"vetro, thick 2mm, temp 38C"
2,1752510447856176137,0.8849999904632568,-0.0015520915631001835,"vetro, thick 2mm, temp 38C"
2,1752510447956003189,0.8849999904632568,-0.0014038699129124092,"vetro, thick 2mm, temp 38C"
2,1752510448056329965,0.8849999904632568,-0.0012048930121582205,"vetro, thick 2mm, temp 38C"
2,1752510448156164884,0.8849999904632568,-0.0009989539596942877,"vetro, thick 2mm, temp 38C"
2,1752510448256114482,0.8849999904632568,-0.0008081379676145362,"vetro, thick 2mm, temp 38C"
2,1752510448356166839,0.8849999904632568,-0.0006419057144101792,"vetro, thick 2mm, temp 38C"
2,1752510448456146955,0.8849999904632568,-0.0005026803960433035,"vetro, thick 2mm, temp 38C"
2,1752510448556167364,0.8849999904632568,-0.0003892187543996506,"vetro, thick 2mm, temp 38C"
2,1752510448656120538,0.8849999904632568,-0.0002985928620982736,"vetro, thick 2mm, temp 38C"
2,1752510448756264209,0.8849999904632568,-0.0002985928620982736,"vetro, thick 2mm, temp 38C"
2,1752510448856122016,0.8849999904632568,-0.00022731281728187165,"vetro, thick 2mm, temp 38C"
2,1752510448956160545,0.8840000033378601,-0.001971904267480524,"vetro, thick 2mm, temp 38C"
2,1752510449056168794,0.8849999904632568,-0.0008493058682903681,"vetro, thick 2mm, temp 38C"
2,1752510449155709266,0.8849999904632568,-0.00022279512454097012,"vetro, thick 2mm, temp 38C"
2,1752510449256122827,0.8849999904632568,0.00010424670110492065,"vetro, thick 2mm, temp 38C"
2,1752510449356122732,0.8849999904632568,0.0002551149925720307,"vetro, thick 2mm, temp 38C"
2,1752510449456327915,0.8849999904632568,0.0003060801060594863,"vetro, thick 2mm, temp 38C"
2,1752510449556005001,0.8849999904632568,0.00030350580212286637,"vetro, thick 2mm, temp 38C"
2,1752510449656144142,0.8849999904632568,0.00027492887100280517,"vetro, thick 2mm, temp 38C"
2,1752510449756121873,0.8840000033378601,-0.0015637942493504425,"vetro, thick 2mm, temp 38C"
2,1752510449856200456,0.8849999904632568,-0.0005240502701677697,"vetro, thick 2mm, temp 38C"
2,1752510449956242322,0.8849999904632568,3.258880394690358e-05,"vetro, thick 2mm, temp 38C"
2,1752510450056262493,0.8840000033378601,-0.001497567867806299,"vetro, thick 2mm, temp 38C"
2,1752510450156217575,0.8840000033378601,-0.002112563528862927,"vetro, thick 2mm, temp 38C"
2,1752510450256238937,0.8840000033378601,-0.0022237806851831804,"vetro, thick 2mm, temp 38C"
2,1752510450356229543,0.8840000033378601,-0.0020781368301137698,"vetro, thick 2mm, temp 38C"
2,1752510450456216335,0.8849999904632568,-1.9762200705381126e-05,"vetro, thick 2mm, temp 38C"
2,1752510450556280851,0.8840000033378601,-0.0008093568599460035,"vetro, thick 2mm, temp 38C"
2,1752510450656303167,0.8840000033378601,-0.0011234161255788636,"vetro, thick 2mm, temp 38C"
2,1752510450756190776,0.8840000033378601,-0.0011761977144368388,"vetro, thick 2mm, temp 38C"
2,1752510450856289625,0.8840000033378601,-0.0011761977144368388,"vetro, thick 2mm, temp 38C"
2,1752510450955789089,0.8840000033378601,-0.0010962028986779507,"vetro, thick 2mm, temp 38C"
2,1752510451056309700,0.8840000033378601,-0.0009583471780750755,"vetro, thick 2mm, temp 38C"
2,1752510451156156778,0.8840000033378601,-0.0008045466289528794,"vetro, thick 2mm, temp 38C"
2,1752510451255874156,0.8840000033378601,-0.0006567751632773736,"vetro, thick 2mm, temp 38C"
2,1752510451356161117,0.8840000033378601,-0.0005252573804015395,"vetro, thick 2mm, temp 38C"
2,1752510451456173419,0.8840000033378601,-0.00041354050255632566,"vetro, thick 2mm, temp 38C"
2,1752510451556155681,0.8830000162124634,-0.002121557412896053,"vetro, thick 2mm, temp 38C"
2,1752510451656236886,0.8840000033378601,-0.0009675687060878681,"vetro, thick 2mm, temp 38C"
2,1752510451756222009,0.8840000033378601,-0.00031503305620394497,"vetro, thick 2mm, temp 38C"
2,1752510451856151819,0.8840000033378601,3.306238729763883e-05,"vetro, thick 2mm, temp 38C"
2,1752510451956166982,0.8830000162124634,-0.001599323285957394,"vetro, thick 2mm, temp 38C"
2,1752510452056150436,0.8830000162124634,-0.002255253170116162,"vetro, thick 2mm, temp 38C"
2,1752510452156132698,0.8830000162124634,-0.002373686028043437,"vetro, thick 2mm, temp 38C"
2,1752510452255837440,0.8830000162124634,-0.0022180863859038785,"vetro, thick 2mm, temp 38C"
2,1752510452356148481,0.8840000033378601,-0.0001422379608100933,"vetro, thick 2mm, temp 38C"
2,1752510452456253767,0.8840000033378601,-0.0001422379608100933,"vetro, thick 2mm, temp 38C"
2,1752510452555956840,0.8840000033378601,0.0013125174583392743,"vetro, thick 2mm, temp 38C"
2,1752510452656150817,0.8830000162124634,-0.00039743968417877426,"vetro, thick 2mm, temp 38C"
2,1752510452756117582,0.8830000162124634,-0.001199549112436488,"vetro, thick 2mm, temp 38C"
2,1752510452856127262,0.8830000162124634,-0.0014846233121635192,"vetro, thick 2mm, temp 38C"
2,1752510452956167221,0.8830000162124634,-0.0014846233121635192,"vetro, thick 2mm, temp 38C"
2,1752510453056143045,0.8840000033378601,0.00030928325377915246,"vetro, thick 2mm, temp 38C"
2,1752510453156137466,0.8820000290870667,-0.0024394916731772694,"vetro, thick 2mm, temp 38C"
2,1752510453256137371,0.8820000290870667,-0.003566837136799967,"vetro, thick 2mm, temp 38C"
2,1752510453356168270,0.8820000290870667,-0.0037982210716631833,"vetro, thick 2mm, temp 38C"
2,1752510453455820083,0.8830000162124634,-0.0017697824775824325,"vetro, thick 2mm, temp 38C"
2,1752510453556135416,0.8830000162124634,-0.0006165671435003073,"vetro, thick 2mm, temp 38C"
2,1752510453656161785,0.8820000290870667,-0.0017959774125991315,"vetro, thick 2mm, temp 38C"
2,1752510453756327629,0.8820000290870667,-0.0022122504773234913,"vetro, thick 2mm, temp 38C"
2,1752510453856249094,0.8820000290870667,-0.0022171217360794585,"vetro, thick 2mm, temp 38C"
2,1752510453956303834,0.8820000290870667,-0.002019967696622777,"vetro, thick 2mm, temp 38C"
2,1752510454056211233,0.8809999823570251,-0.0035416492386677496,"vetro, thick 2mm, temp 38C"
2,1752510454155779600,0.8820000290870667,-0.0021684406487150368,"vetro, thick 2mm, temp 38C"
2,1752510454256171226,0.8820000290870667,-0.0013004087812538757,"vetro, thick 2mm, temp 38C"
2,1752510454356199264,0.8830000162124634,0.0010419404498289327,"vetro, thick 2mm, temp 38C"
2,1752510454456173419,0.8809999823570251,-0.0015041440072139202,"vetro, thick 2mm, temp 38C"
2,1752510454556171178,0.8809999823570251,-0.002616352430515629,"vetro, thick 2mm, temp 38C"
2,1752510454656156063,0.8820000290870667,-0.0011257787251122756,"vetro, thick 2mm, temp 38C"
2,1752510454756170511,0.8830000162124634,0.0015058993015096228,"vetro, thick 2mm, temp 38C"
2,1752510454857345581,0.8820000290870667,0.0008599137717042297,"vetro, thick 2mm, temp 38C"
2,1752510454956198453,0.8809999823570251,-0.0013340954914286163,"vetro, thick 2mm, temp 38C"
2,1752510455056067228,0.8809999823570251,-0.0013340954914286163,"vetro, thick 2mm, temp 38C"
2,1752510455156214952,0.8809999823570251,-0.002289091436135177,"vetro, thick 2mm, temp 38C"
2,1752510455256216764,0.8820000290870667,-0.0007509371057144499,"vetro, thick 2mm, temp 38C"
2,1752510455356297254,0.8809999823570251,-0.001729741258368728,"vetro, thick 2mm, temp 38C"
2,1752510455456279516,0.8809999823570251,-0.0020536785799160242,"vetro, thick 2mm, temp 38C"
2,1752510455556129932,0.8820000290870667,-0.00022749268120702518,"vetro, thick 2mm, temp 38C"
2,1752510455656378269,0.8820000290870667,0.0006878127504689252,"vetro, thick 2mm, temp 38C"
2,1752510455756160974,0.8809999823570251,-0.0007256748496266396,"vetro, thick 2mm, temp 38C"
2,1752510455856311321,0.8809999823570251,-0.0013529730372071782,"vetro, thick 2mm, temp 38C"
2,1752510455956163883,0.8809999823570251,-0.0015385815757729296,"vetro, thick 2mm, temp 38C"
2,1752510456056001424,0.8809999823570251,-0.0014910574178505556,"vetro, thick 2mm, temp 38C"
2,1752510456156221151,0.8820000290870667,0.0004665087012127036,"vetro, thick 2mm, temp 38C"
2,1752510456256128787,0.8809999823570251,-0.0004163537976302256,"vetro, thick 2mm, temp 38C"
2,1752510456356235504,0.8809999823570251,-0.0008114845802765281,"vetro, thick 2mm, temp 38C"
2,1752510456456119298,0.8820000290870667,0.0008680190625263433,"vetro, thick 2mm, temp 38C"
2,1752510456556119441,0.8809999823570251,-0.0001872299822022138,"vetro, thick 2mm, temp 38C"
2,1752510456655650377,0.8809999823570251,-0.000687451315721005,"vetro, thick 2mm, temp 38C"
2,1752510456756141901,0.8809999823570251,-0.0008706891507302918,"vetro, thick 2mm, temp 38C"
2,1752510456856119632,0.8809999823570251,-0.0008821136663192453,"vetro, thick 2mm, temp 38C"
2,1752510456956077337,0.8809999823570251,-0.0008083214489892299,"vetro, thick 2mm, temp 38C"
2,1752510457055967092,0.8809999823570251,-0.0006994143320885271,"vetro, thick 2mm, temp 38C"
2,1752510457156031131,0.8809999823570251,-0.0006994143320885271,"vetro, thick 2mm, temp 38C"
2,1752510457256223440,0.8809999823570251,-0.0005831025549192847,"vetro, thick 2mm, temp 38C"
2,1752510457356149196,0.8809999823570251,-0.00047363055416368977,"vetro, thick 2mm, temp 38C"
2,1752510457456052064,0.8809999823570251,-0.00037736252391886154,"vetro, thick 2mm, temp 38C"
2,1752510457556235074,0.8809999823570251,-0.00029622856194621563,"vetro, thick 2mm, temp 38C"
2,1752510457656151533,0.8809999823570251,-0.0002298123500044712,"vetro, thick 2mm, temp 38C"
2,1752510457756272792,0.8809999823570251,-0.00017658529465260352,"vetro, thick 2mm, temp 38C"
2,1752510457856108188,0.8809999823570251,-0.00013461136101139957,"vetro, thick 2mm, temp 38C"
2,1752510457956130027,0.8799999952316284,-0.0019019059367503869,"vetro, thick 2mm, temp 38C"
2,1752510458056069612,0.8809999823570251,-0.0007967319188408595,"vetro, thick 2mm, temp 38C"
2,1752510458156115293,0.8809999823570251,-0.00018349077736944921,"vetro, thick 2mm, temp 38C"
2,1752510458256109237,0.8809999823570251,0.00013351155191479474,"vetro, thick 2mm, temp 38C"
2,1752510458356138944,0.8809999823570251,0.0002768266535918832,"vetro, thick 2mm, temp 38C"
2,1752510458456103563,0.8809999823570251,0.0003221366545904495,"vetro, thick 2mm, temp 38C"
2,1752510458556204319,0.8809999823570251,0.00031534625616649913,"vetro, thick 2mm, temp 38C"
2,1752510458656158208,0.8799999952316284,-0.0015163390278302548,"vetro, thick 2mm, temp 38C"
2,1752510458756171226,0.8799999952316284,-0.002277394304484099,"vetro, thick 2mm, temp 38C"
2,1752510458856171607,0.8799999952316284,-0.002445345902640867,"vetro, thick 2mm, temp 38C"
2,1752510458956225395,0.8809999823570251,-0.0005075842287857789,"vetro, thick 2mm, temp 38C"
2,1752510459056131839,0.8799999952316284,-0.001312375253720205,"vetro, thick 2mm, temp 38C"
2,1752510459156171560,0.8799999952316284,-0.0015886090831032707,"vetro, thick 2mm, temp 38C"
2,1752510459256090641,0.8799999952316284,-0.0015886090831032707,"vetro, thick 2mm, temp 38C"
2,1752510459356127977,0.8799999952316284,-0.00158098884202173,"vetro, thick 2mm, temp 38C"
2,1752510459456020116,0.8799999952316284,-0.001434965928109805,"vetro, thick 2mm, temp 38C"
2,1752510459556462526,0.8799999952316284,-0.0012342677667631587,"vetro, thick 2mm, temp 38C"
2,1752510459655859231,0.8790000081062317,-0.002824818394408663,"vetro, thick 2mm, temp 38C"
